,0
0,"schwierig klient patient angehörige kollege clever kommunizieren analyse strapaziös gesprächsmuster 
 schwierig klient schwierig situation 
 schwierig gespräch souverän meistern 
 übung videofeedback durchführen     "
1,"aktuelles arbeitsrecht 2022kurzbeschreibung 
 arbeitsrecht unterliegen ständig wandel änderung gesetzgebung folgend rechtsprechung seminar erhalten notwendig 
 kenntnis vorschrift beziehen sozial einrichtung rechtssicher handeln unnötig gerichtlich auseinandersetzung vermeiden 

 beschäftigtendatenschutz eudsgvo bdsg 
 urlaubsrecht urlaubsplanung verfall anspruch abgeltung urlaub 
 qualifizierungsvereinbarunge bindungsklausel 
 befristung arbeitsverträgen sachgrund 
 inhaltliche gestaltungsmöglichkeit arbeitsverträg 
 arbeitszeitrecht bereitschaftsdienste über mehrstunden 
 arbeitsrechtlich sanktion ermahnung abmahnung kündigung 
 bedeutung eingliederungsmanagement personenbedingt kündigung krankheit 
 übersicht aktuell rechtsprechung arbeitsgericht 

 grund aktualität kurzfristig thema aufnehmen     "
2,"ambulant pflege rechtssicher handeln haftungsrisik vermeiden- grundlage straf zivilrechtlich haftung 
 freiheitsentziehend maßnahme 
 betreuerrecht & # 8211;pflichter vorsorgevollmacht 
 delegation ärztlich tätigkeit pflegekräft 
    medikamentengabe injektion 
    weisungsrecht grenze 
 risikomanagement 
    risiko erkennen vermeiden 
    umgang dokumentation 
    datenschutz schweigepflicht     "
3,"aufgabe gesetzlich betreuer reform betreuungsrechtskurzbeschreibung 
 2020 planen gesetzgeber reform betreuungsrecht 
 ziel reform langfristig verbesserung sicherung qualität rechtlich betreuung 
 seminar wichtig eckpunkt reform soweit beschließen darstellen diskutieren gleichzeitig wichtig aktuell gerichtsentscheidung thema aufgabe zuständigkeit gesetzlich betreuer eingehen 

 seminarinhalt 
 übersicht änderung betreuungsrecht 2021 
 stärkung autonomie selbstbestimmungsrecht betreut 
 regelung verbesserung qualität gesetzlich betreuung 
 neuregelung vergütung betreuer 2019 
 abgrenzung rechtlich betreuung sozial betreuung einrichtung dienst 
 aktuell rechtsprechung abgrenzungsproblematik z.b. 
   arztbesuch 
   erledigung besorgung 
   regelung höchstpersönlich angelegenheit u.a.m     "
4,"basisqualifikation ungelernt pflegekräft zertifizieren berufsbegleitend)- alten krankenpflege 
   körperpflege 
   krankenbeobachtung puls blutdruck temperatur ein ausfuhr 
   bett lagerung pflegebedürftigen 
   mobilisation aufsetzen aufstehen laufen 
   umgang bewegungshilf 
   prophylaktische maßnahme 
   umgang inkontinent kunde bewohner 
   physikalisch maßnahme 
 qualitätssicherung pflege insbesondere pflegeplanung pflegedokumentation 
 grundsatz hygiene ernährung alt mensch 
 gesprächsführung alt mensch angehörige 
 konfliktbewältigung 
 besonderheit pflege häufig auftretend erkrankung hoch alter 
   alzheimer erkrankung demenz parkinson hemiplegie 
 sterben tod ethisch sicht 
 sozialhilferecht straf haftungsrecht betreuungsrecht 
 umgang medikament 
 hilfe     "
5,"berufspädagogisch pflichtfortbildung praxisanleiter/-in 8 ue online-seminarkurzbeschreibung 
 weiterentwicklung pflegequalität beginnen zeigen 
 qualifikation praxisanleiter/-in pflege leisten stück zukunftsarbeit kompetent fachkräfte-nachwuch sorge seminar 2020 praxisanleiter/-inne verpflichtend kontinuierlich fortbildung umfang 8 & # 8211 benötigt 24 unterrichteinheite pro zuständig behörde nachweisen 

 seminar finden virtuell klassenraum teilnahme benötigen pc laptop notebook headset stabil internetverbindung weiterentwicklung pflegequalität 

 seminarinhalt 
 aktives lernen gruppe     "
6,"berufspädagogisch pflichtfortbildung praxisanleiter/-inne 24 ue kurzbeschreibung 
 weiterentwicklung pflegequalität beginnen zeigen qualifikation praxisanleiter/-in pflege leisten stück 
 zukunftsarbeit kompetent fachkräfte-nachwuch sorgen 
 seminar 2020 praxisanleiter/-inne verpflichtend kontinuierlich fortbildung umfang 24 unterrichtseinheit pro zuständig behörde nachweisen 

 seminarinhalt 
 inhalt finden zeitnah homepage www.iwk.eu anfrage iwk potsdam     "
7,"berufspädagogisch pflichtfortbildung praxisanleiter/-inne 8 ue kurzbeschreibung 
 weiterentwicklung pflegequalität beginnen zeigen 
 qualifikation praxisanleiter/-in pflege leisten stück zukunftsarbeit kompetent fachkräfte-nachwuch 
 sorgen 
 seminar 2020 praxisanleiter/-inne verpflichtend kontinuierlich fortbildung umfang 8 benötigt 24 unterrichteinheite pro zuständig behörde nachweisen weiterentwicklung pflegequalität 

 seminarinhalt 
 evaluation feedback bewerten & # 8211 leistung bewerten 
 einschätzung beurteilung aufgabe praxisanleitend lässt leistung kompetenzorientiert evaluieren messen fair formulieren gegebenenfalls minderleistung kommunizieren verletzen teilnehmenden fördern seminar 
 kommunikationsfähigkeite beurteilungsgespräch trainieren kompetenz evaluation leistung formulierung korrektiv feedback aspekt eigen fremdwahrnehmung     "
8,"beschäftigung aktivierungstherapie dementiell erkrankt alt mensch stationär altenhilfeeinrichtunge aktivierungstherapie konzept ziel zielgruppe 
 rahmenkonzept betreuung beschäftigung aktivierung demenzerkrankt alt mensch 
 erschließung intensiv förderung bruchstückhaft vorhanden wahrnehmung kommunikationspotentiale 
 praxisnahe anleitung einzel gruppenarbeit 
 ausgabe umfangreich arbeitsmaterialie direkt umsetzung        "
9,"betreuungskraft gem. § § 43b 53c sgb xi berufsbegleitend modul 1 basiskurs betreuungsarbeit pflegeheima 100 stunde 
 kommunikation 
 alterstypisch krankheit 
 pflege hygiene 
 hilfe 

 modul 2 betreuungspraktikum pflegeheim 2 woche 

 modul 3 aufbaukurs betreuungsarbeit pflegeheim 60 stunde 
 rechtskunde 
 ernährungslehre 
 gestaltung aktivität fest 

 zertifizierung 
 weiterbildung berechtigen ausübung tätigkeit betreuungskraft entsprechend richtlinie § § 43b 53c sgb xi ehem. § 87b betreuungskräfte-rl 19. august 2008. 
 
 bewerbung benötigen folgend unterlage 
 bewerbungsanschreiben 
 tabellarischer lebenslauf passbild 
 kopie schul bzw. berufsabschlusszeugniss 
 nachweis beurteilung fünftägig orientierungspraktikum     "
10,"demenz rechtssichere handeln freiheit sicherheit besonderheit pflege gerontospychiatrisch verändert mensch 
 grundrecht selbstbestimmung 
 vermeidung haftungsfäll sturzgefährdet bewohner aufsicht fürsorgepflichte 
 einnahme medikament durchführung grundpflege 
 weglauftendenz bewohner 
 risikomanagement    prävention 
 dokumentation haftungsrechtlich unerlässlich 
 tipps umgang angehörige       "
11,"dienstplangestaltung arbeitszeit sonn feiertagsdienste 
 pause 
 ruhezeit 
 arbeitsbefreiung fortbildung 
 krankheit dienstplan 
 urlaubsplanung 
 zeitzuschlag 
 schicht wechselschicht 
 überstundenerfassung ausgleich 
 arbeitsbefreiung krankheit urlaub        "
12,"einführung biografiearbeit alt menschenkurzbeschreibung 
 biografiearbeit dienen verbesserung bedürfnis bewohner zugeschnitten sozialtherapeutisch betreuung pflegekonzept zudem erfahren alt mensch wertschätzung akzeptanz interesse leben 
 
 schwerpunkt 
 biografiearbeit methode konzept zielgruppe 
 biografisch arbeit alt mensch wichtig 
 biografisch grundhaltung 
 erinnerung identitätsbildend kraft verstehen tigger 
 nutzung erinnerung lebensgeschicht angemessen beschäftigung pflegekonzept                                     
 anleitungshilfen einzel gruppenarbeit 
 ausgabe umfangreich arbeitsmaterialie direkt umsetzung       "
13,"entbürokratisierung pflege sis verstehen anwenden- dokumentationsproblem 
 zentral aussage sis 
 element modell 
 themenfeld sis 
 praktisch umsetzung     "
14,"expertenstandard neue erfahren neuerung unser arbeitsalltag bedeuten 

 seminarinhalt 
 expertenstandard entstehen 
 liste expertenstandard 

 neuerung 
 1. dekubitus 
 2. ernährungsmanagement 
 3. mobilität pflege 
 4. neu beziehungsgestaltung pflege mensch demenz 

 umsetzung praktisch arbeit     "
15,"fachkraft gerontopsychiatrisch betreuung pflege zertifizieren berufsbegleitend ziel 
 erwerb spezifisch kenntnis fähigkeit fertigkeit umgang gerontopsychiatrisch patient bewohner aspekt 
 lebensqualität interesse betreuter fördern 
 fachgerecht betreuung grundlage pflegeprozessgestaltung sichern 
 intervention beratungsprozes optimieren 
 aktuell pflege betreuungsmodelle gerontopsychiatrie anwenden 
 angehörige qualifizieren beraten 
 belastungssituation beruflich alltag finden individuell lösung meistern 

 lehrgangsinhalt 
 1. einführung 		
 2. biografiearbeit 	
 3. gesundheit krankheit alter 	
 4. pflege betreuungsmethode belastung pflege 	
 5. betreuung pflegekonzept demenziell erkrankt 	
 6. anleitung beratung kooperation qualitätssicherung 	
 7. selbst rollenverständnis 			
 8. verfügungsstunden einschließlich prüfung 

 bewerbungsunterlage 
 bewerbungsanschreiben 
 tabellarischer lebenslauf passbild 
 beglaubigt kopie berufsabschluss 
 zeugnis arbeitgeber     "
16,"gerontopsychiatrische grundlage möglichkeit personenzentriert kommunikation psychisch verändert alt mensche demenzerkrankung alter 
   demenz verstehen 
   ursache erscheinungsform alzheimer multi-infarkt-demenz mischform primär sekundär demenz definition abgrenzung 
   eindeutig kriterium vorliegen dementiell erkrankung diagnostik symptom ressource 
   verhaltensweise unterschiedlich stadie dementiell erkrankung 
   möglichkeit sozialtherapeutisch intervention erlernen grundhaltung technik personenzentriert kommunikation demenzerkrankt mensch 
 depression wahn psychisch erkrankung alter 
 vermittlung allgemein prinzip umgang psychisch verändert alt mensch 
     "
17,"haftungsrecht pflegekurzbeschreibung 
 seminar richten pflegefachkraft leitungskraft pflege betreuungseinrichtung pflegefachkraft beruflich alltag permanent verschieden rechtlich thema konfrontieren & # 8222;&#8230 stehen bein gefängnis&#8220 & # 8211 häufig hörend aussage seminar verschieden beispiel diskutieren inwieweit obig aussage zumindest relativieren lässt schadensfall & # 8211 grundsätzlich völlig ausschließen lässt & # 8211 persönlich haftung vermeiden 

 seminarinhalt 
 grundlage haftungsrecht 
 einzeln problem haftungsrecht pflegepersonal     "
18,"humor pflege pflegen online-seminarkurzbeschreibung 
 seminar beschäftigen inhaltsstoff anwendung dosierung humor handwerkszeug 
 pflegealltag 

 seminar finden virtuell klassenraum teilnahme benötigen pc laptop notebook headset stabil internetverbindung 

 seminarinhalt 
 humor lachen gesundheitsquelle entdecken 
 humorschatz bergen 
 besonderer humor pflege 
 humorintervention bewohner*in teamarbeit selbstschutz     "
19,"hygienebeauftragte/-r kita- erfahrungsaustausch 
 mikrobiologie parasitologie 
 noro rotaviren 
 infektionskrankheit mrsa 3mrgn 4mrgn pseudomonas aeruginosa soor&#8230 ;) 
 basishygiene 
     "
20,"hygienebeauftragte/-r kita online-seminarkurzbeschreibung 
 seminar finden virtuell klassenraum 
 teilnahme benötigen pc laptop notebook headset stabil internetverbindung 

 seminarinhalt 
 erfahrungsaustausch 
 mikrobiologie parasitologie 
 noro rotaviren 
 infektionskrankheit mrsa 3mrgn 4mrgn pseudomonas aeruginosa soor&#8230 ;) 
 basishygiene 
     "
21,"hygienebeauftragte/-r pflege kompakt berufsbegleitend hygienebeauftragter sicherstellung durchsetzung hygienestandard infektionsprävention pflegeeinrichtung einsetzen 


 lehrgangsinhalt 
 grundbegriff infektionslehr seuchenbekämpfung epidemiologie erregerübertragung infektionsketten 
 mikrobiologie parasitologie 
 mikrobiologische diagnostik gefährdungsanalyse 
 versand erregerhaltig material 
 infektionskrankheit mrsa 3mrgn 4mrgn pseudomonas aeruginosa soor&#8230 ;) 
 krankenhaushygiene infektionsprophylaxe 
 grundlage immunologie schutzimpfung     "
22,"multikulturell team erfolgreich arbeit online-seminarkurzbeschreibung 
 demografisch wandel personalmangel bringen leitungskräft fachkraft verstärkt ausländisch personal auseinandersetzen professionell organisationsführung zusammenarbeit gehören kenntnis kommunikationsstil hintergrundwissen besonderheit multikulturell team basis inter transkulturell kompetenz reflektieren einüben 

 seminar finden virtuell klassenraum teilnahme benötigen pc laptop notebook headset stabil internetverbindung 

 seminarinhalt 
 grundwissen diversity management 
 ressource multikulturell team 
 3-phasen-konzept gut integration ausländisch fachpersonal 
 einführung besonderheit interkulturell kommunikation     "
23,"klangtherapie peter hess arbeit demenziell erkrankt menschenkurzbeschreibung 
 klang erzeugen therapeutisch klangschale ermöglichen tief entspannung lösung verschiedenst blockade kontakt mensch demenz klang universell brücke zueinander weg kontakt begegnung 
 gemeinsam wohltuend kraft klang erleben vielfältig einsatzmöglichkeit erarbeiten theoretisch vermittlung eng jeweilig beruflich hintergrund teilnehmer/-inne anlehnen vollständig klangtherapie vermitteln teilnehmer teilnehmerin selbsterfahrung potential klang erleben erfassbar     "
24,"kommunikation sterbende angehörige zuhören rede verstehen information unterstützungsbedürfnisse sterbend angehörig 
 besonderheit sprache sterbend 
 analyse praxis auftretend kommunikationsprobleme 
 kommunikativ anforderung begleiter sterbende angehörige       "
25,"kompetenz umgang vielfalt pflege online-seminarkurzbeschreibung 
 mensch kultur bringen herkunftsland unterschiedlich medizinisch pflegerisch auffassung entsprechend vielfältig anforderung medizinisch pflegerisch versorgung fallarbeit praxisbeispiel teilnehmenden dienen analyse besprechung interkulturell missverständniss pflegerisch medizinisch alltag ermöglichen einblick verschieden lebenswelt einbezug modell transkulturell pflege & # 8222;fremdheit&#8220 differenzieren handlungsorientierung vorstellen 

 seminar finden virtuell klassenraum teilnahme benötigen pc laptop notebook headset stabil internetverbindung 

 seminarinhalt 
 1. transkulturelle kompetenzmodell 
 2. wirkung kultur denken fühlen handeln 
 3. sensibilisierung kulturell gemeinsamkeit unterschied 
 4. gesundheit krankheitsvorstellung kulturell vergleich 
 5. & # 8222;alt fremde&#8220 lebenswelt migrant altenpflege 
 6. & # 8222;fremd sterben&#8220 sterben tod mensch migrationshintergrund 
 7. handlungsstrategien beratung berufsalltag     "
26,"konflikt team praktisch lösungsmöglichkeitenin seminar erkennen persönlich erfahrung vorstellung wahrnehmung konflikt beeinflussen konfliktfelder unternehmen auseinandersetzen innerer kündigung betrieblich umstrukturierung fehlzeit nachlassend arbeitsleistung mobbing kennenlernen methode konfliktmanagement kompetenz erhöhen konflikt konstruktiv lösen 

 seminarinhalt 
 grundlage konfliktmanagement 
 konflikt verstehen vermeiden 
 konflikttyp kennen einsetzen 
 methode konfliktlösung kennenlernen erproben     "
27,"leitung station krankenhaus bzw. wohnbereich pflegeeinrichtung berufsbegleitend ziel 
 qualifiziert kenntnis fähigkeit fertigkeit leitung station gruppe einheit erwerben 
 mitarbeiter führen leiten angenehm arbeitsbedingung optimal arbeitsorganisation bereich erzielen 
 bestmöglich versorgung pflege patient bzw. heimbewohner realisieren 
 effektiv anleitung schüler praktikant hilfskräft gewährleisten 
 arbeitsbereich betriebswirtschaftlich grundsatz führen 

 inhalt 
 1. pflegewisse 	
 pflegeverständnis pflegephilosophie 
 pflegeleitbilder 
 pflegemodelle theorien 
 ganzheitlich pflege pflegeprozess 
 pflegequalität standards 
 pflegekonzept 
 hygiene krankenhaus bzw. pflegeeinrichtung 
 pflegeforschung 
 berufsbild pflege 
 berufsverband organisationen 
 fort weiterbildung 
 perspektive pflege 

 2. anthropologie ethik 	
 menschenbilder 
 menschliche grund grenzerfahrung 
 ethisch dimension handeln 
 religion weltanschauung 

 3. betriebslehre krankenhaus bzw. pflegeeinrichtung pflegemanagement 
 organisation pflegedienst 
 institution pflege 
 kooperation dienst 
 vernetzung stationär ambulant pflege 
 dienstplangestaltung 
 mitarbeiterführung 
 beurteilung mitarbeiter einschließlich auszubildender 
 delegation aufgabe 
 führungstechnik verhandlungsstrategi 
 krankenhausorganisation 
 krankenhausfinanzierung 
 krankenhausbau 
 wirtschaftlich betriebsführung pflegeeinrichtung 
 kaufmännisches rechnungswesen krankenhaus 
 pflegestuf 

 4. arbeit zivil straf sozialrecht 	

 5. psychologie gesprächsführung 

 6. pädagogik soziologie sozialmedizin 	

 7. 4-wöchige praktikum 

 sonstig bemerkung abschluss 
 prüfung bestehen teil 
 1. leistungsnachweis ausgewählt lehrgebiet 
 2. abschlussarbeit 
 3. mündliche prüfung 
 bestehen prüfung zeugnis ausstellen lehrgebiet inhaltlich schwerpunkt stundenzahle ausweisen 

 bewerbungsunterlage 
 tabellarischer lebenslauf passbild 
 abschlusszeugnisse 
 zeugnis arbeitgeber        "
28,"logopäde/-indie ausbildung erfolgen gesetz logopäde 07. mai 1980 vgl. bgbi seite 529 gliedern theoretisch praktisch aufgabe staatlich anerkannt logopädin logopäde gehören diagnose therapie störung sprache sprechen stimme schlucken logopäde arbeiten eigenverantwortlich eng zusammenarbeit behandelnd arzt 

 ziel ausbildung vermittlung kenntnis fertigkeit eigenverantwortlich diagnostisch therapeutisch beratend tätigkeit mensch altersgruppe logopädisch praxis akutklinik rehabilitationseinrichtung sonderschule sonderkindergärt behinderteneinrichtung 

 theorie 
 grundlagenfächer 
 grundlage logopädie 
 beruf gesetz staatsbügerkund 
 pädagogik sonderpädagogik 
 soziologie psychologie gesprächsführung 

 medizinisch fach 
 anatomie physiologie pathologie 
 hals nasen ohrenkunde phoniatrie audiologie pädaudiologie 
 pädiatrie kind jugendpsychiatrie 
 neurologie psychiatrie 
 kieferorthopädie kieferchirurgie 

 speziell logopädisch fach 
 störung kindersprache 
 störung redefluss 
 stimmstörung 
 sprach sprechstörung schlaganfall schädel-hirn-trauma hirntumor morbus parkinson usw. 
 störung schriftsprache lrs 
 störung kehlkopfoperation 
 schluckstörung 

 praktisch ausbildung 
 hospitation 
 praxis logopädie 
 praxis zusammenarbeit angehörige therapeutisch team 

 bewerbungsunterlage 
 bewerbungsschreiben 
 tabellarischer lebenslauf lichtbild 
 schulabschlusszeugnisse beglaubigen 
 berufsabschlusszeugnisse beglaubigen 
 phoniatrisch hno-ärztlich attest kosten übernehmen angabe folgend punkt 
   hörvermögen audiogramm 
   stimmlippenstatus stroboskopie bzw. spiegelbefund 
   allgemein hno-befund       "
29,"mitarbeitergespräch erfolgreich führensie erfahren mitarbeitergespräch wirkungsvoll führungsinstrument einsetzen 
 lernen mitarbeitergespräch systematisch vorbereiten erfolgreich durchführen 
 finden gelegenheit gespräch gesprächssituation praxisnah trainieren 

 seminarinhalt 
 vorbereitung durchführung regelmäßig stattfindend mitarbeitergespräche 
 vorbereitung durchführung mitarbeitergespräche spezifisch anlassbezogen inhalt zielvereinbarung 
 leistungsbeurteilung weiterbildung persönlich rückmeldung kritik konflikt entwicklungsmöglichkeit krankenrückkehr trennung etc. 
 vermittlung methode gesprächstechnik ausbau kommunikationskompetenz fähigkeit konstruktiv konfliktlösung     "
30,"palliative care berufsbegleitend 	 ziel 
 palliativ care behandlung betreuungskonzept mensch unheilbar progredient erkrankung fortbildung vermitteln grundkenntnis symptomkontrolle palliativ pflege hinaus schulen kommunikativ kompetenz schwerstkrank angehörige fortbildung entsprechen anforderung § 39 sgb v. 

 lehrgangsinhalt 
 1. körperliche aspekt pflege 
 krankheitsbild krebs fortgeschritten stadium 
 schmerztherapie 
 mundpflege 
 ernährung 
 übelkeit erbrechen 
 obstipation 
 respiratorisch symptom verwirrtheit 
 lymphödem 
 dekubitus ex ulcerierend tumor 
 basal stimulation 

 2. psycho-sozial aspekt pflege 
 wahrnehmung kommunikation 
 psychische reaktion 
 familie sozial hintergrund 
 sexualität 
 trauer 

 3. spirituell kulturell aspekt pflege 
 lebensbilanz 
 krankheit leid tod spirituell sicht 
 vorstellung leben tod 

 4. ethisch aspekt pflege 
 euthanasie 
 wahrheit krankenbett 
 umgang verstorbener 

 5. organisatorische aspekt pflege 
 team 
 qualitätssicherung qualitätskontrolle 

 6. allgemein aspekt 
 stressmanagement bewältigungsstrategie 
 hospizbewegung 
 rechtliche frage 

 bewerbungsunterlage 
 bewerbungsschreiben 
 tabellarischer lebenslauf passbild 
 abschlusszeugnis      "
31,"palliativpflege demenzeine belastung altenarbeit häufig begegnung sterben tod gelten besonderer weise sterbebegleitung demenzerkrankt alt mensch ausgehen sterbend demenzerkrankt mensch situation intuitiv erfassen einhergehen angst aggressiv verhalten unruhe erhöht muskeltonus zeigen häufig beobachtend phänomen geistig klarheit eigentlich demenzerkrankt mensch tod beschäftigung häufig ausgeklammert thema helfen sicherheit entlastung erfahren 

 seminarinhalt 
 gesellschaftlicher umgang sterben tod 
 psychologisch seelisch betreuungsansatz 
 medizinisch pflegerisch konzept palliativ pflege 
 situation bedürfnis demenzerkrankt sterbend mensch 
 kommunizieren demenzerkrankten 
 validierend umgangsform sterbebegleitung 
 basal stimulation gestaltungselement interpersonal kommunikation     "
32,"pflegedokumentation pflegehilfskräftewas dokumentieren 

 pflegdokumentation gehören aufagebn pflegkraft seminar notwendigkeit korrekt dokumentation darstellen hilfestellung geben sicherheit erstellung pflegedokumentation schaffen 

 seminarinhalt 
 dokumantation aufgabe 
 nachweis 
 protokoll assessment 
 pflegebericht 

 anforderung 
 regel 
 formulierung 
 fallbesprechung 
 komplexe übung      "
33,"pflegeteam erfolgreich leiten führen 4 modul & # 8211 einzeln buchbar modul 1 führungsverständnis entwickeln kurzbeschreibung 
 gelungen teamarbeit gesundheitswesen pflegebereich besonderer 
 wegzudenken wichtig erfolgsfaktor leitungskraft pädagogisch pflegerisch bereich spezialist fachgebiet nehmen hinaus leitungsaufgabe gelingen spagat führungsaufgabe teammitgliedschaft 
 fortbildungsreihe ziel kompakt übersichtlich funktion leitungskraft auseinandersetzen einstellung haltung reflektieren führungswissen erwerben rollensicherheit trainieren jeweilig modul vermitteln wirksam management knowhow sozial personal kompetenz stärkung führungspersönlichkeit 

 seminarinhalt 
 modul 1 & # 8222;führungsverständnis entwickeln&#8220 
 kernfunktion teamführung 
 rollenklärung 
 führungsstil 
 leitungsaufgabe 
 umgang 
 diversity management     "
34,"pflegeteam erfolgreich leiten führen 4 modul & # 8211 einzeln buchbar modul 1 konfliktmanagement führungskraft kurzbeschreibung 
 gelungen teamarbeit gesundheitswesen pflegebereich besonderer wegzudenken wichtig erfolgsfaktor leitungskraft pädagogisch pflegerisch bereich spezialist fachgebiet nehmen hinaus leitungsaufgabe gelingen spagat führungsaufgabe teammitgliedschaft 
 fortbildungsreihe ziel kompakt übersichtlich funktion leitungskraft auseinandersetzen einstellung haltung reflektieren führungswissen erwerben rollensicherheit trainieren jeweilig modul vermitteln wirksam management knowhow sozial personal kompetenz stärkung führungspersönlichkeit 

 seminarinhalt 
 modul 4 & # 8222;konfliktmanagement führungskräfte&#8220 
 grundlage konfliktmanagement 
 fremd konfliktmust erkennen 
 konfliktgespräche konstruktiv führen 
 umgang innerer konflikt 
 problemlösungsstrategie interventionstechnik 
 selbstcoaching humor resilienz     "
35,"pflegeteam erfolgreich leiten führen 4 modul & # 8211 einzeln buchbar modul 2 kommunikationstraining kurzbeschreibung 
 gelungen teamarbeit gesundheitswesen pflegebereich besonderer 
 wegzudenken wichtig erfolgsfaktor leitungskraft pädagogisch pflegerisch bereich spezialist fachgebiet nehmen hinaus leitungsaufgabe gelingen spagat führungsaufgabe teammitgliedschaft 
 fortbildungsreihe ziel kompakt übersichtlich funktion leitungskraft auseinandersetzen einstellung haltung reflektieren führungswissen erwerben rollensicherheit trainieren jeweilig modul vermitteln wirksam management knowhow sozial personal kompetenz stärkung führungspersönlichkeit 

 seminarinhalt 
 modul 2 & # 8222;kommunikationstraining&#8220 
 grundlage kommunikation 
 reflexion kommunikationsstil 
 moderationstechniken 
 lösungsfokussiert gesprächsführung 
 durchführung erfolgreich teambesprechung 
 interkulturell kommunikation     "
36,"pflegeteam erfolgreich leiten führen 4 modul & # 8211 einzeln buchbar modul 3 team erfolgreich leiten führen kurzbeschreibung 
 gelungen teamarbeit gesundheitswesen pflegebereich besonderer wegzudenken wichtig erfolgsfaktor leitungskraft pädagogisch pflegerisch bereich spezialist fachgebiet nehmen hinaus leitungsaufgabe gelingen spagat führungsaufgabe teammitgliedschaft 
 fortbildungsreihe ziel kompakt übersichtlich funktion leitungskraft auseinandersetzen einstellung haltung reflektieren führungswissen erwerben rollensicherheit trainieren jeweilig modul vermitteln wirksam management knowhow sozial personal kompetenz stärkung führungspersönlichkeit 

 seminarinhalt 
 modul 3 & # 8222;teams erfolgreich leiten führen&#8220 
 definition teamarbeit teamfähigkeit 
 erfolgsfaktor rolle teams 
 arbeitsfähigkeit team schnell herstellen 
 teamphasen erkennen intervenieren 
 ressource multikulturell teamarbeit 
 humorintervention teamarbeit     "
37,"pflichtfortbildung betreuungskraft gemäß § § 43b 53c sgb xi ehem. § 87b angebot 	 frage anliegen fallbesprechung berufsalltag betreuungskraft 
 schwerpunktthema umgang & # 8222;schwierig situationen&#8221 kommunikation innerhalb team inklusive therapeutisch team 
 gespräch & # 8222;entgleisen&#8221 verständigung stören & # 8211 grund versuchen ursache wirkung beleuchten weg gelungen kommunikation aufweisen 
 abschluss feedback 
     "
38,"pflichtfortbildung betreuungskraft gemäß § § 43b 53c sgb xi ehem. § 87b angebot bmodul i 	
 frage anliegen fallbesprechung berufsalltag betreuungskraft 
 schwerpunktthema    umgang angehörige 
 abschluss feedback 

 modul 2 	
 frage anliegen fallbesprechung berufsalltag betreuungskraft 
 schwerpunktthema beschäftigung kleingruppe 
 abschluss feedback 
     "
39,"praxisanleiter/-in 300 unterrichtsstunde zertifizieren berufsbegleitend ziel 
 weiterentwicklung pflegequalität beginnen zeigen quali¬fikation praxis¬anleiter/-in pflege leisten stück zukunftsarbeit kompetent fachkräfte-nachwuch sorgen 

 lehrgangsinhalt 
 ziel weiterbildung 
 qualifizierung pflegefachkraft 
 professionell anleitung beratung auszubildender 
 einarbeitung neu mitarbeiterin mitarbeiter 
 durchführung schulung 

 themenbereich weiterbildung 
 reflexion beruflich situation rolle praxisanleiter 
 analyse lernfeld praxis 
 planung lernsituation anleitungsprozess entsprechend 
 lehr lernmethodik 
 planung durchführung schulung 
 förderung bewertung kompetenz schülerin schüler 
 rechtlich grundlage 

 1. vertiefung erweiterung wissen kranke kinderkrank altenpflege 
 pflegemodelle pflegetheorie 
 ganzheitlich pflege pflegeprozess 
 pflegeplanung pflegedokumentation 
 qualitätssicherung pflege 
 anforderung praxisanleiter gesetzlich vorgabe kranke altenpflegegesetz ausbildung prüfungsverordnung pflegeberufe ergeben umsetzung praxis 

 2. psychologie jugendalter 
 grundlage psychologie   motivation wahrnehmung 
 entwicklungspsychologisch aspekt besonderer berücksichtigung jugendalter 
 beziehung jugendliche krankheit alter altern sterben 

 3. gesprächsführung interaktion 	
 gesprächsgrundlag 
 konfliktgespräch motivationsgespräch 
 stress stressbewältigung 
 angst angstbewältigung 

 4. schüleranleitung bewertung kontrolle praxisanleiter/-in 	 
 anforderung praxisanleiterpersönlichkeit 
 grundlegende methodisch-didaktisch aspekt 
 planung durchführung auswertung anleitung 
 planung gestaltung mitwirkung praktisch prüfung 
 bewertung schülerleistung 
 schülerbeurteilungen 
 vorbereitung durchführung präsentation 
 schwierigkeit vermeidbar fehler 
 erstellen folie verdeutlichung inhalt 

 5. arbeit haftungsrecht 	
 arbeitsvertrag arbeitsverhältnis 
 tarif haftung strafrecht 
 betriebsverfassungsrecht 

 bewerungsunterlag 
 tabellarisch lebenslauf passbild 
 abschlusszeugnis       "
40,"qualifizierungslehrgang technik behandlungspflege pflegehelfer/-inn 40 u.-std gemäß § § 132,132a sgbv berufsbegleitend weiterbildung befähigen pflegehilfskraft formal qualifikation genau beschrieben leistung behandlungspflege durchführen teilnehmer/-inne erlangen wissen praktisch fähigkeit durchführung 

 lehrgangsinhalt 
 grundlage hygiene 
 rechtlich aspekt ausführung ärztlich verordnung 
 physikalisch therapie inhalation 
 blutdruckmessung blutzuckermessung insulingabe 
 peg- versorgung nahrung verabreichen 
 einreibunge 
 kälte wärmeträger auflegen dermatologische bäd 
 kompressionstrümpfe/- strumpfhose an-bzw ausziehen 
 abnehmen kompressionsverband 
 theoretische grundkenntnis jeweilig behandlungspflegerisch maßnahme 
 kenntnis risiko komplikation 
 kenntnis fehlerquelle zielgerichtet folgemaßnahme 
 praktische grundkenntnis durchführung jeweilig maßnahme 
     "
41,"qualitätsmanagementbeauftragte r pflege 164 stunde berufsbegleitend ziel 
 rahmen pflege-entwicklungsgesetz einrichtung gesundheit sozialwesen verpflichten qualitätsmanagement einführen bzw. weiterentwickeln fortbildung befähigen tätigkeit qualitätsmanagement-beauftragte/-r hoch fach methodenkompetenz durchführen 

 lehrgangsinhalt 
 aufgabe perspektive qualitätsmanagementbeauftragter 
 rechtliche rahmenbedingung qualitätssicherung 
 drei-dimensionsmodell donabedian 
   strukturqualität 
   prozessqualität 
   ergebnisqualität 
 präsentation moderationstechniken 
 kommunikation 
 kundenorientierung 
   beschwerdemanagement 
 projektmanagement 
   anwendung qualitätswerkzeugen 
   nutzerbefragungen 
   statistisch methode 
 zentrale vs. dezentral qualitätssicherung 
 mono vs. multidisziplinär qualitätssicherung 
 intern maßnahme qualitätssicherung 
   erarbeitung qualitätshandbuch umgang 
   qualitätszirkelarbeit 
    internes audit 
 extern maßnahme qualitätssicherung 
   zertifizierung akkreditierung gütesiegel ktq 
 stellenbeschreibung qualitätsmanagementbeauftragter 
 verhandlungsstrategi 
 qualitätsmanagementsystem 
   tqm 
   efqm 
   din iso 9001 2008 

 bewerbungsunterlage 
 tabellarisch lebenslauf 
 passbild 
 abschlusszeugnis kopie        "
42,"refresher hygienebeauftragter + zweistündig notfallschulung erfahrungsaustausch 
 mikrobiologie parasitologie 
 noro rotaviren 
 infektionskrankheit mrsa 3mrgn 4mrgn pseudomonas aeruginosa soor&#8230 ;) 
 basishygiene 
 

 notfallschulung gemäß mdk prüfrichtlinie 
 reanimation erc-richtlinien 
 praktisches üben reanimation 
 anwendung pulsoxymetrie sauerstoffgabe notfallsituation 
 umgang notfalltasche notfallmedikamente 
 allergisch reaktion überempfindlichkeit ana     "
43,"refresher hygienebeauftragte online-seminarkurzbeschreibung 
 seminar finden virtuell klassenraum 
 teilnahme benötigen pc laptop notebook headset stabil internetverbindung 

 seminarinhalt 
 erfahrungsaustausch 
 mikrobiologie parasitologie 
 noro rotaviren 
 infektionskrankheit mrsa 3mrgn 4mrgn pseudomonas aeruginosa soor&#8230 ;) 
 basishygiene 
     "
44,"religiös empfindend mensch lebensende begleitendie altenpflege deutschland praktizieren leitbild ganzheitlich menschenbild 
 problematisch direkt pflegerisch grenzbereich religiosität tod umgehen 
 tätig pflegekraft pflegerisch anvertraut person unterscheiden gemeinsam erleben grenzsituation generationsunterschied beruflich individuell handlungsvermöge verschieden ausgeprägt verständnis glaubenskraft sozialverhalten wert kulturverständnis 

 seminarinhalt 
 glaubensfrag leben religiosität leben bzw. weltanschauung 
 leben tod tod leben   interaktionskräfte pflegekräft mensch scheideweg 
 5 weltreligion übersicht   selbstverständnis botschaft 
 sterberitual 5 weltreligion 
     "
45,"schluckstörung alterkurzbeschreibung 
 demografisch entwicklung prognostizieren zunehmend überalterung bevölkerung behandlung altersbedingt schluckstörung vordergrund rücken seminar befassen möglich schluckstörung alter unterschied altersbedingt schluckstörung dementiell verursacht schluckstörung darlegen 

 seminarinhalt 
 anatomie physiologie normal schlucken 
 pathophysiologie schluckakt 
 ursache hinweis diagnostik schluckstörung 
 symptom ursache auswirkung altersbedingt schluckstörung 
 demenz definition art verlauf 
 problem nahrungsverweigerung 
 spezifisch therapie theorie praxis     "
46,"sprach sprechstörung besonderer herausforderung pflege abgrenzung sprach sprechstörung 
 definition merkmal aphasien dysarthrie sprechapraxien hand praxisbeispiel video 
 vorstellung erprobung möglich hilfe strategie umgang sprachbetroffen patient 
 einflussnehmend begleiterscheinunge     "
47,"stressmanagement humor resilienz online-seminarkurzbeschreibung 
 wohlbefinden herausforderung unterwerfen workshop begeben reise schatz stärke potential entdecken widerstandsfähig flexibel positiv leben ausgewählt resilienz steigernd faktor technik methode vorstellen eingeüben resilient lebensführung entscheidend 
 ausgeglichenheit zufriedenheit gesundheit führen 

 seminar finden virtuell klassenraum teilnahme benötigen pc laptop notebook headset stabil internetverbindung 

 seminarinhalt 
 grundwissen resilienz stressmanagement 
 element selbstfürsorge 
 beziehung positiv gestalten 
 negativ gedankenmuster umwandeln 
 positiver perspektivenwechsel zukunft     "
48,"tiergestützt therapie altenpflege mensch demenzwas bewirken tier mensch demenz tier co-therapeuten hunden katze türöffner kommunizieren 

 seminarinhalt 
 demenz kurz einführung 
 therapeutisch ansatz möglichkeit 
 tiergestützt therapie 
 praktisch umsetzung 
 beobachtung reaktion mitarbeiter demenzerkrankten 
 diskussion 
     "
49,"tom kitwood personenzentriert ansatz umgang demenz erkrankt alt menschenziel 
 tom kitwood entwickelt personenzentrier ansatz dementiell erkrankung tragödie betroffener gelingen umgebung schaffen ermöglichen weiterhin person erfahren fähigkeit pflegend beziehungsgestaltung zentral rolle 
 
 schwerpunkt 
 demenz psychiatrisch kategorie                                     
 erleben demenzerkrankt mensch umgebend welt grundlegend bedürfnis worunter leiden 
 bedeuten person 
 17 malign bösartig umgangsform personsein demenzerkrankt mensch verhindern 
 baustein pflegekultur 
   wohlbefinden personenzentriert beziehungsgestaltung 
   12 unterschiedlich form positiv interaktiv personenarbeit       "
50,"trommel sterbebegleitungkurzbeschreibung 
 rhythmus tragen mensch lebenslage aufbauend lässt banal technik innerhalb kürzester brücke bauen tragfähig begegnung ermöglichen gesprochen wort gesehen bild rudimentär verfügung stehen 
 wandeln einsamkeit begegnung angst zuversicht trostlosigkeit freude 

 erarbeiten gemeinsam unser hand einfach instrument situation einsetzbar weg rhythmus takt miteinander 
 kontakt treten     "
51,"umgang aggression angst depression gerontopsychiatrie gerontopsychiatrisch krankheitsbild                                    
 symptom ressource                                    
 verhaltensweise demenzerkrankt mensch                                    
 verhaltensweise pflegende haltung technik                                    
 auslöser angsterlebe dementiell erkrankter                                    
 ursache aggression aggressiv verhalten                                    
 form depression                                    
 suizid-signale selbsttötungsabsicht       "
52,"umgang angehörige mensch demenzkurzbeschreibung 
 mensch demenz erkranken betreffen angehörige verlauf krankheit pflegend angehörige wechselbad 
 gefühl schmerz mitleid gehören hilflosigkeit ärger wut trauer verzweiflung unterstützend beratung aufklärung 
 professionell pflegende betreuender behilflich 

 seminarinhalt 
 bedeutung angehörige demenz erkrankt mensch 
 anforderung beratung angehörige 
 empfehlung klientenzentriert kommunikation angehörige 
 umgang kritik angehörige 
 übung videofeedback     "
53,"validation kommunikation demenzerkrankt menschenvalidation versuchen demenzerkrankt alt mensch stufe normalität stellen orientieren persönlich wirklichkeit 

 seminarinhalt 
 erleben wahrnehmung wunsch bedürfnis demenzerkrankt mensch 
 validation konzept prinzip ziel 
 stadie desorientiertheit einteilung naomi feil 
 validationstechnik stadie i iv 
 praktisch anwendung gezielt einübung validationtechnik anhand übung beispiel pflegealltag      "
54,"verantwortlich pflegefachkraft ambulant stationär pflege zertifizieren berufsbegleitend ziel 
 weiterbildung teilnehmer/-inne befähig 
 mitarbeiter führen leiten optimal arbeitsorganisation bereich erzielen 
 bestmöglich versorgung pflege bewohner realisieren 
 arbeitsbereich betriebswirtschaftlich grundsatz führen 

 lehrgangsinhalt 
 1. pflegewisse 
 pflegeverständnis pflegephilosophie 
 pflegeleitbilder 
 pflegemodelle theorien 
 ganzheitlich pflege pflegeprozess 
 pflegequalität standards 
 pflegekonzept 
 hygienische anforderung 
 perspektive pflege 

 2. personalmanagement 
 zweck aufgabenstellung pflegeeinrichtung 
 unternehmensleitbild 
 rechtsform trägerstruktur 
 aufbauorganisation 
 arbeitsablaufgestaltung 
 personalbemessungsverfahr 
 personalorganisation 
 stellenbeschreibung 
 arbeitszeit dienstplangestaltung 
 personaleinsatzplanung 
 qualitätssicherungsmanagement 
   extern form 
   intern form 
   organisationsinstrument 
   projektmanagement qualitätszirkel 
 zertifizierungssystem instrumente 
 marketing öffentlichkeitsarbeit 

 3. betriebswirtschaftliche grundlage 
 finanzierung sgb v sgb xi 
 budgetierung 
 controlling 
 betriebliches rechnungswesen 
 abrechnungsverfahren 

 4. arbeit zivil strafrecht 	

 5. kommunikation interaktion 	

 6. soziologie sozialmedizin 	
     "
55,"autocad grundkurseinleitung vorstellung autocad 
 grundregel programmbedienung 
 zeichnung anlegen laden speichern 
 anzeigesteuerung 
 hilfe exakt zeichnen 
 grundlegend zeichenbefehle 
 änderungsbefehle 
 hilfe objektwahl 
 trimmfunktionen 
 text eingeben ändern 
 schraffieren fläche füllen 
 layertechnik objekteigenschaft 
 blöcke 
 maßstabsgerechte zeichnungsausgabe 
 hilfsfunktion 
 normgerechte bemaßung 
 prototypzeichnung     "
56,"basiskurs pflege grundlage anatomie 
 grundlage physiologie 
 gerontologie 
 grundkrankenpfleg praktisch unterweisung 
 hygiene 
 ernährungslehre 
 rechtsgrundlag 
 pflegeplanung dokumentation 
 erste-hilfe-kurs 
     "
57,"berufsstart migrant migrantinnenbei lernen teilnehmer effektiv parallel deutsch nötig fachwissen einstieg arbeitsmarkt schaffen lernen angenehm lernatmosphäre praxiserfahren dozentin dozent nutzen optimal erhöhen chance kurz berufseinstieg gelingen betrieblich praktikum ebenfalls bestandteil bildungsangebot 

 festigung erweiterung sprachkenntnisse 
 vertiefung kommunikationsstrategie 
 arbeitsrecht sozialversicherungssystem 
 berufliche orientierung coaching 
 berufliche orientierung qualifizierung 
 bewerbungstraining 
     "
58,"betreuungskraft § § 43b 53c sgb xi- erste-hilfe-kurs 
 hygieneanforderung 
 rechtsgrundlag 
 ernährungslehre 
 grundkenntnis pflege 
 grundkenntnis demenz psychisch erkrankung geistig behinderung typisch alterskrankheit 
 kommunikation interaktion mensch demenz psychisch erkrankung geistig behinderung 
 beschäftigungsmöglichkeit freizeitgestaltung bewegung mensch demenz 
 kommunikation zusammenarbeit pflege beteiligter 
 dokumentation + planung 
     "
59,"blickpunkt pflege auffrischung vertiefung fachkompetenze umgang bewohner patient betreuungskräft 
 inhalt handlungsweisa § 87b absatz 3 sgb xi qualifikation aufgabe zusätzlich betreuungskräft pflegeheima 
 demenz aufzeigen demenzart verantwortungsvoll umgang patient bewohner 
 geronto-psychisch krankheit psychisch beeinträchtigung alter depression 
 alzheimer erkrankung morbus parkinson 
 pflegeplanung dokumentation 
     "
60,"cad fachkraft rahmen modulsystem fertigungstechnikberufsfachlich inhalt 

 grundlage technisch kommunikation 
 begriff kommunikationsmittel 
 technische zeichnung kommunikationsmittel begriff einteilung 
 darstellungsart ansicht schnitt 
 bemaßungsregeln maßstab gewindedarstellung genormt einzelheit 
 normvorschrift erstellen technisch zeichnung 

 arbeit autodesk-inventor 2019 grundlage 2d-darstellung 
 grundregel programmbedienung anzeigesteuerung 
 grundlegende zeichenbefehle hilfe exakt zeichnen 
 zeichen- änderungsbefehle hilf trimmfunktionen 
 layertechnik objekteigenschaft 
 eingabe text 
 blöcke 
 maßstabsgerechte zeichnungsausgabe 
 normgerechte bemaßung 
 darstellung form lagetoleranze oberflächenzeichen passung schweißsymbol 

 einführung 3d-konstruktion autodesk-inventor 2019 
 zeichn erstellen bearbeit ändern 3d-zeichnung 
 modellier bearbeit volumenkörper schnitt flächenbearbeitung koordinate ansicht visualisier 
 importierum exportieren werkzeugpalett 
 umwandeln 3d-zeichnung 2d-fertigungszeichnung 
 ausgabe 3d-konstruktionszeichnung 

 zeichnen konstruieren maschinenbau 
 erstellen fachgerecht zeichnungssätze autodesk-inventor 2019 zusammenbauzeichnung stücklist fertigungszeichnunge montagezeichnungen 
 konstruktion mechanisch baugrupp verwendung normteil schraube stift passfeder lager etc. 
     "
61,"englisch anfängerziel 
 teilnehmer wunsch grundbegriff sprache erlernen englisch ausdrücken einfach gespräch führen 

 inhalt 
 befassen folgend thema 
 begrüßung vorstellung 
 familie freund hobby 
 tagesablauf 
 mahlzeit restaurant 
 urlaub reise       "
62,"hausmeister in hauswart in haustechniker in- kaufmännisches gebäudemanagement 
 kommunikationstrainig costumer service 
 ordnung sicherheit brandschutz 
 reinigung umweltgerecht entsorgung recycling 
 technisches gebäudemanagement arbeitsschutz arbeitssicherheit lager materialbewirtschaftung einführung elektrotechnik holzarbeit malerarbeit trockenbau flies fugenbearbeitung gebäudedämmung schimmelbekämpfung gas wasser sanitär installationsarbeit reparatur heiztechnik garten landschaftsbau veranstaltungstechnik medienkompetenz 
 bewerbungstraining 
     "
63,"mechatronisch system rahmen modulsystem fertigungstechnik elektrosicherheit 
 bauelement elektrotechnik elektronik 
 pneumatik elektropneumatik 
 grundlage hydraulik 
 sensorik 
 aktorik 
 regelungstechnik 
 digital steuerungstechnik sps industriell kleinsteuerung 
 messtechnik schwerpunk oszillographenmesstechnik 
 instandhaltung automatisiert produktionsanlage 
 technisches englisch leseverstehen      "
64,"motorsägekurs brennholzselbsterwerberdie sogenannter brennholzselbsterwerber gefährlich arbeit unterliegen weder unfallversicherungspflicht arbeitsschutzgesetz kreis beteiligt institution landesforsten kommunal privat forstbetrieb einig aufklärung standard helfen unfall vermeiden selber fällen entsprechend kurs belegen theoretisch praktisch anteil enthalten 
 kurs erhalten teilnehmer zertifikat erfolgreich motorsäge freischneiderlehrgang aufarbeitung brennholz teilnehmen     "
65,"praxisnahe beruflich weiterbildung sozial dienst hauskrank altenpflege erwerb führerschein klasse bfachkundliche grundlagenaus weiterbildung 568 ust 
 hauswirtschaftlich versorgung 64 ust 
 beruf rechtskunde 64 ust 
 leben glaubenskunde hospiztätigkeit 80 ust 
 grundlage berufsbezogen betriebswirtschaft 40 ust 
 edv-ausbildung 80 ust 
 psychologie gesprächsführung kommunikationstraining 32 ust 
 bewerbungstraining persönlichkeitsmarketing 56 ust 
 projektauswertung 8 ust     "
66,"praxisnahe beruflich weiterbildung sozial dienst hauskrank altenpflege erwerb führerschein klasse blehrgangsziel 
 bildungsmaßnahme dienen beruflich fortbildung anpassung vorhanden kenntnis erfahrung aktuell erfordernis arbeitsmarkt 

 inhalt 
 fachkundliche grundlagenaus weiterbildung 576 stunde 
 speziell betreuung umgang mensch demenz psychisch geistig behinderung 80 stunde 
 hauswirtschaftliche versorgung 64 stunde 
 beruf rechtskunde 44 stunde 
 leben glaubenskunde hospiztätigkeit 64 stunde 
 grundlage berufsbezogen betriebswirtschaft 48 stunde 
 branchenspezifische informatik erwerb führerschein klasse 240 stunde 
 edv- ausbildung 52 stunde 
 psychologie gesprächsführung kommunikationstraining 28 stunde 
 bewerbungstraining persönlichkeitsmarketing 36 stunde 
 projektauswertung 8 stunde 
 betriebliches praktikum 368 stunde      "
67,"sps fachkraft rahmen modulsystem fertigungstechnikeinführung steuerung digitaltechnik 
 wirkungsweise funktion schaltung steuerung signal meldetechnik 
 erläuterung unterschied analog digital signal 
 erläuterung logik-grundschaltung 
 analysierung aufbau einfach verknüpfungsschaltung 
 erläuterung wirkungsprinzip flipflops 
 erläuterung funktionsweise speichertechnik zähler zeitelement 
 erläuterung funktionsprinzip realisierung ad da-umsetzer 

 vorschrift bestimmung schutzmaßnahm 
 erläuterung aufbau wirkungsweise leitung geräteschutzeinrichtung 
 darlegung kriterium betriebssicher aufbau gerät 

 einführung sps 
 grundbegriff bestandteil sps 
 hardwarestruktur sps 
 vorstellung bestimmt struktur sps 
 vorstellung programmiersoftware 
 bedienoberfläche beispiel 
 ablauf programmieren projektstart programmstart fehlersuche 

 sps-projektierung anwendung 
 parallelschaltung signalgebern oder-verknüpfung programmierung training 
 reihenschaltung signalgeber und-verknüpfung programmierung training 
 speichertechnik 
 zähler zeitfunktion 
 anwendereigene funktionsbausteine 
 arithmetisch operation sprungfunktion 
 kommentar schreiben drucken programm 
 analogwertverarbeitung 
 symbolisch bezeichnung 
 komplex projektierung anwendung sps-anwendungsbeispiel betrieb 
 erläuterung demonstration steuerung 

 industrielle bussystem 
 industrial ethernet 
 industrial wireless lan 
 profibus 
 profinet 
 opc 
 as-interface 

 projektarbeit        "
68,"umschulung jung eltern zum/-r kaufmann kauffrau büromanagement ihk beruflich fachtheoretisch inhalt entsprechend lernfeldbezogen rahmenlehrplane 
 rechnungswesen 
 speziell wirtschaftslehre 
 informationsverarbeitung 
 kommunikation verkauf 
 qualitätsmanagement 
 wirtschaftsenglisch 

 allgemeinbildende übergreifend inhalt 
 allgemein wirtschaftslehre 
 kommunikation teambildung 
 lern arbeitsmethode zeitmanagement 
 selbstorganisiert lernen medienbildung 
 präsentation bewerbungstraining 
 kaufmännisch schriftverkehr 
 repetitorium 
 praktikum 

 inklusive wahlqualifikation 
 auftragssteuerung korrdination 
 assistenz sekretariat 
     "
69,"umschulung holzmechaniker inihr kursinhalt 
 schwerpunkt ausbildung lernfeld 1  12 
 einfach produkt holz herstellen 
 zusammengesetzte produkt holz holzwerkstoffen herstellen 
 produkt unterschiedlich werkstoff herstellen 
 einzelmöbel herstellen 
 systemmöbel herstellen 
 einbaumöbel herstellen montieren 
 raumbegrenzende element innenausbau 
 holz holzwerkstoff beschichten 
 bauelement innenausbau auftragsgerecht herstellen 
 fenster außentüre herstellen 
 packmittel herstellen 
 wirtschaft sozialkunde 

 fachpraktisch ausbildung entsprechend ausbildungsrahmenplan 
 umgang information kommunikationssystemen 
 plane vorbereiten arbeitsabläufen arbeit team 
 einrichten sichern arbeitsplatz 
 einrichten bedienen instandhalt werkzeug gerät maschine technisch einrichtung 
 durchführen messung herstellen anwenden schablon lehre 
 be verarbeiten holz holzwerk sonstig werkstoff 
 überwachen steuer produktionsprozess 
 herstellen vormontieren zusammenbauen teil 
 behandeln oberfläche 
 herstellen oberfläche 
 verpacken lager produkt 
 herstellen möbel innenausbaut 
 ausführen holzschutzarbeite 
 prüfen produkt 
 qualitätsmanagement kundenorientierung     "
70,"update büro rationelle arbeit ms office 2016 2019-grundlagen windows online-dienst datenschutz 
 grundlag ms word 2016 2019 
 kaufmännischer schriftverkehr din 5008 ms word 2016 2019 
 ms excel 2016 2019 
 ms power point 2016 2019 
 ms access 2016 2019 
 outlook 2016 2019 
 bewerbungstraining 
     "
71,"  image arbeitgeber womit gewinnen richtig mitarbeiter seminar vorteil personalmarketing individuell arbeitgebermarke mitarbeitergewinnung zunutze erfahren unternehmen vorteilhaft licht rücken falsch mitarbeiter anziehen 
 10 suche mitarbeiter stark verändern markt arbeitskraft fast leergefegt anspruch potenziell arbeitnehmer stark verändern reichen sicher arbeitsplatz pünktlich lohnzahlung bieten gesellschaft streben anerkennung selbstverwirklichung industrialisierung technisch fortschritt digitalisierung erlauben sinn existenz suchen selbstverwirklichung bedeuten mensch suche voll erfüllen finden mensch setzen leben frage arbeitgeber stellen lauten machen entwicklung zunutze 

 unternehmen stark arbeitgebermarke anzeige schalten erhalten genügend passend empfehlung initiativbewerbung seminar erhalten handwerkzeug arbeitgebermarke entwickeln 

 wichtig faktor attraktivität arbeitsplatz 
 image positiv beeinflussen 
 strategie helfen mitarbeitergewinnung 
 kandidat arbeit begeistern 
 mitarbeiter botschafter unternehmen 
 stark arbeitgebermarke     "
72,"  image arbeitgeber womit gewinnen richtig mitarbeiter seminar vorteil personalmarketing individuell arbeitgebermarke mitarbeitergewinnung zunutze erfahren unternehmen vorteilhaft licht rücken falsch mitarbeiter anziehen 
 10 suche mitarbeiter stark verändern markt arbeitskraft fast leergefegt anspruch potenziell arbeitnehmer stark verändern reichen sicher arbeitsplatz pünktlich lohnzahlung bieten gesellschaft streben anerkennung selbstverwirklichung industrialisierung technisch fortschritt digitalisierung erlauben sinn existenz suchen selbstverwirklichung bedeuten mensch suche voll erfüllen finden mensch setzen leben frage arbeitgeber stellen lauten machen entwicklung zunutze 

 unternehmen stark arbeitgebermarke anzeige schalten erhalten genügend passend empfehlung initiativbewerbung seminar erhalten handwerkzeug arbeitgebermarke entwickeln 

 wichtig faktor attraktivität arbeitsplatz 
 image positiv beeinflussen 
 strategie helfen mitarbeitergewinnung 
 kandidat arbeit begeistern 
 mitarbeiter botschafter unternehmen 
 stark arbeitgebermarke     "
73,"10-finger-tastenschreiben10-finger-tastenschreib erklären 
 10 finger system verbreitet technik effizient bedienung computertastatur 
 sinnvoll verteilung finger erreichbar taste ermöglichen gewiß einarbeitung blind schreiben tastatur wodurch ergonomie verbessern fehlerquote senken tippgeschwindigkeit steigern 

 ziel 10-finger-tastenschreibens 
 ziel 10 finger schreiben bestehen bedienung computer­tastatur unterbewusstsein verlagern unterbewusstsein helfen komplex handlung entscheidung grundlage erfahrungswert sekundenschnell quasi automatisch lösen 

 adler-such-system tippen vieler taste bewusst handlung erforderlich nächster taste drücken verwendung 10 finger system wesentliche konzentrieren inhalt schreiben 

 vorteil 
 fall schnell 
 voll text konzentrieren 
 ermöglichen effektiv erledigen geschäftlich korrespondenz schreiben referat aufnehmen diktat präsentation 
 fördern gesund körperhaltung arbeitsplatz 

 hinaus einfach professionell eindruck lage computer-tastatur bedienen entsprechend teilnahmebescheinigung verschaffen vorteil praktikums ausbildung arbeitsplatzsuche häufig nase vorn tastatur zügig entspannt bedienen 

 lernziel 
 systematisch erarbeiten 10-finger-schreibtechnik pc 
 zeitersparnis verfassen geschäftlich korrespondenz schreiben referat aufnehmen diktat präsentation 
 konzentration text 
 gesund körperhaltung arbeitsplatz 
 teil din-vorschrift briefgestaltung 

 ablauf 
 seminar 20 unterrichtseinheit durchführen nachfrage seminar berufsbegleitend anbieten 
 seminar 10-finger-schreibtechnik pc systematisch erarbeiten 
 praktische übung lernhilfe fahren seminar stetig verbesserung 10-finger-schreibtechnik 
 seminar text konzentrieren schreibvorgang automatisieren finger schreiben sparen nerv fördern gesund haltung arbeitsplatz     "
74,"agiles projektmanagement ihk live-online dynamik schnelligkeit flexibilität synonym agilität ursprünglich stammen agil arbeitsmethode it-branche arbeitsbereich branche übernehmen methode verschaffen wettbewerbsvorteil kunde aktiv produktentwicklung einbeziehen produkt dienstleistung markt bringen bestmöglich bedürfnis wunsch kunde zuschneiden 

 gegensatz klassisch projektmanagement agil projektmanagement projekt start vollständig planen lauf projektlaufzeit anforderung ändernd rahmenbedingung anpassen agile methode vorteil bringen herausforderung 

 zertifikatslehrgang agile projektmanagement ihk bereiten arbeit agil projekt lernen agil klassisch projektmanagement unterscheiden kennen hybrid form einsatzbereich kurs vermitteln praxisnah wissen agil methode insbesondere scrum kanban rahmenbedingung einsatzbereich kurs befähigen agil projekt unternehmen vorbereiten durchführen abschluss bringen 

 kurs wert vermittlung praktisch handwerkszeug legen kurs interaktiv arbeiten gelegenheit thema gemeinsam erarbeiten 

 lernziel 
 projekt komplex umfeld 
 überblick agil framework methode 
 lean startup design thinking effectuation 
 produktvision erstellen 
 produkt backlog aufbauen priorisieren 
 definition of done erstellen sprintlänge festlegen sprint planen 
 review retrospektive durchführen 

 ablauf abschluss 
 abgesehen zertifikatstest ihk-projektgesellschaft mbh finden kurs komplett online teilnehmer erhalten abschluss lehrgang bestanden abschlusstest ihk-zertifikat agile projektmanagement ihk 

 technisch voraussetzung 
 pc apple mac tablet 7 zoll 
 microsoft windows 7 hoch 
 mac os 10.8 mountain lion hoch 
 android 4.0x hoch 
 ios 7.0 hoch 
 headset empfehlen 
 lautsprecher + mikrofon 
 internetzugang mind. 
 0,6 mbps download 
 0,2 mbps upload 
 geschwindigkeitstest 
 speedtest.t-online.d     "
75,"ausbildung ausbilder fachwirtepersone vergangenheit aufstiegsfortbildung fachwirt erfolgreich abschließen schriftlich aevo-prüfung befreien entsprechend fachwirte-verordnung befreiung schriftlich aevo-prüfung vorsehen veranstaltung erhalten teilnehmer individuell vorbereitung praktisch aevo-prüfung 

 ausbilder verantworten ausbildung unternehmen 
 gestalten lernprozesse auszubildende nehmen organisatorisch aufgabe lernprozessbegleiter planen betreuen unterschiedlich ausbildungssituation benötigen fachlich eignung beruf arbeitspädagogisch qualifikation 

 lehrgangsinhalt 
 ausbildungsvoraussetzungen prüfen ausbildung planen 
 ausbildung vorbereiten einstellung auszubildender mitwirken 
 ausbildung durchführen 
 ausbildung abschließen      "
76,"ausbildung ausbilder fachwirtebeschreibung 
 person vergangenheit aufstiegsfortbildung erfolgreich abschließen § 9 prüfungsordnung ihk ostbrandenburg durchführung schriftlich aevo-prüfung befreien erhalten veranstaltung individuell vorbereitung praktisch aevo-prüfung 

 ausbilder verantworten ausbildung unternehmen 
 gestalten lernprozesse auszubildende nehmen organisatorisch aufgabe lernprozessbegleiter planen betreuen unterschiedlich ausbildungssituation benötigen fachlich eignung beruf arbeitspädagogisch qualifikation 

 lehrgangsinhalt 
 ausbildungsvoraussetzungen prüfen ausbildung planen 
 ausbildung vorbereiten einstellung auszubildender mitwirken 
 ausbildung durchführen 
 ausbildung abschließen      "
77,"ausbildung ausbilder standardlehrgang vorbereitung ihk-prüfungsie benötigen ausbilderschein gemäß § 28 berufsbildungsgesetz aevo 
 bieten maßgeschneidert ada-kurskonzepte individuell bedarf 
 berufsbegleitend vollzeit blended learning ausbilder passend angebot 

 ausbilder verantworten ausbildung unternehmen 
 gestalten lernprozesse auszubildende nehmen organisatorisch aufgabe lernprozessbegleiter planen betreuen unterschiedlich ausbildungssituation benötigen fachlich eignung beruf arbeitspädagogisch qualifikation 

 lernziel 
 ausbildungsvoraussetzungen prüfen ausbildung planen beruf arbeitspädagogisch eignung ausbildungsvoraussetzungen prüfen ausbildung planen 
 ausbildung vorbereiten einstellung auszubildender mitwirken beruf arbeitspädagogisch eignung ausbildung berücksichtigung organisatorisch rechtlich aspekt vorbereiten 
 ausbildung durchführen beruf arbeitspädagogisch eignung selbstständig lernen berufstypisch arbeit & geschäftprozesse handlungsorientiern fördern 
 ausbildung abschließen beruf arbeitspädagogisch eignung erfolgreich abschluss & perspektive weiterentwicklung aufzeigen     "
78,"ausbildung ausbilder standardlehrgang vorbereitung ihk-prüfungsie benötigen ausbilderschein gemäß § 28 berufsbildungsgesetz aevo 
 bieten maßgeschneidert ada-kurskonzepte individuell bedarf 
 berufsbegleitend vollzeit blended learning ausbilder passend angebot 

 ausbilder verantworten ausbildung unternehmen 
 gestalten lernprozesse auszubildende nehmen organisatorisch aufgabe lernprozessbegleiter planen betreuen unterschiedlich ausbildungssituation benötigen fachlich eignung beruf arbeitspädagogisch qualifikation 

 lernziel 
 ausbildungsvoraussetzungen prüfen ausbildung planen beruf arbeitspädagogisch eignung ausbildungsvoraussetzungen prüfen ausbildung planen 
 ausbildung vorbereiten einstellung auszubildender mitwirken beruf arbeitspädagogisch eignung ausbildung berücksichtigung organisatorisch rechtlich aspekt vorbereiten 
 ausbildung durchführen beruf arbeitspädagogisch eignung selbstständig lernen berufstypisch arbeit & geschäftprozesse handlungsorientiern fördern 
 ausbildung abschließen beruf arbeitspädagogisch eignung erfolgreich abschluss & perspektive weiterentwicklung aufzeigen 
      "
79,"ausbildung ausbilder vorbereitung aevo-prüfungqualifiziert mitarbeiter/-inne wesentlich erfolgsfaktor unternehmen beginnen personalentwicklung berufsausbildung betrieblich ausbildungsplanung praxis ausbilder schlüsselrolle umsetzung ausbildungsinhalt fundiert fachkenntnis befähigung beziehungsmanagement pädagogisch geschick abverlangen 
 effizient ausbildung nachwuchsförderung angesichts wandel arbeitsorganisation hoch fachlich fachübergreifend anforderung modern betrieb qualifiziert ausbilder leisten lehrgang richten mensch aufgabe rolle kompetent ausbilder rahmen betrieblich ausbildung vorbereiten bisherig ausbildertätigkeit reflektieren optimieren 
 vermittlung erfolgen handlungsfelder ablauf aufgabenstellunge ausbildungspraxis entsprechen bereiten teilnehmer handlungsorientiert methode ausbilderprüfung gemäß ausbildereignungsverordnung 

 lerninhalt 
 ausbildungsvoraussetzungen prüfen ausbildung planen 
 ausbildung vorbereiten 
 ausbildung durchführen 
 ausbildung abschließen        "
80,"ausbildung ausbilder vorbereitung aevo-prüfungqualifiziert mitarbeiter/-inne wesentlich erfolgsfaktor unternehmen beginnen personalentwicklung berufsausbildung betrieblich ausbildungsplanung praxis ausbilder schlüsselrolle umsetzung ausbildungsinhalt fundiert fachkenntnis befähigung beziehungsmanagement pädagogisch geschick abverlangen 
 effizient ausbildung nachwuchsförderung angesichts wandel arbeitsorganisation hoch fachlich fachübergreifend anforderung modern betrieb qualifiziert ausbilder leisten lehrgang richten mensch aufgabe rolle kompetent ausbilder rahmen betrieblich ausbildung vorbereiten bisherig ausbildertätigkeit reflektieren optimieren 
 vermittlung erfolgen handlungsfelder ablauf aufgabenstellunge ausbildungspraxis entsprechen bereiten teilnehmer handlungsorientiert methode ausbilderprüfung gemäß ausbildereignungsverordnung 

 lerninhalt 
 ausbildungsvoraussetzungen prüfen ausbildung planen 
 ausbildung vorbereiten 
 ausbildung durchführen 
 ausbildung abschließen       "
81,"ausbildungsmarketing finden azubismarketingtrends akquisemöglichkeit gewinnen generation z unternehmen 
 jeder unternehmen finden genügend qualifiziert auszubildender tendenz steigend hilfe digital medium gut ausbildungsmarketing bewirken kostengünstig effektiv sofort umsetzbar möglichkeit jung mensch aufmerksam erfahren instrument 
 branche unternehmensgröße sinnvoll gut bewerber generation z gewinnen 

 lernziel 
 chance geeignet auszubildender finden 
 bedürfnis generation z erwartung jung mensch 
 zielgruppendefinition rolle eltern erweitert zielgruppe 
 & sprechen zielgruppe 
 social media marketing videomarketing stellenanzeig modern gestalten karriereseite attraktiv gestalten 
 engagieren netzwerk effektiv umsetzungsmöglichkeit 
 bewerbungsmöglichkeit analyse auswahltechnik effektiv interviewmethode acs 

 inhalt 
 chance geeignet auszubildender finden zahl datum fakt 
 bedürfnis generation z erwarten jung mensch ausbildung 
 zielgruppendefinition ansprechen 
 rolle eltern erweitert zielgruppe 
 sprechen zielgruppe 
 sprechen zielgruppe informieren unternehmen 
 social media marketing einsetzen 
 videomarketing 
 stellenanzeig modern gestalten 
 karriereseite attraktiv gestalten 
 engagieren netzwerk effektiv umsetzungsmöglichkeit 
 bewerbungsmöglichkeit analyse 
 auswahltechnik effektiv interviewmethode acss     "
82,"ausbildungsmarketing finden azubismarketingtrends akquisemöglichkeit gewinnen generation z unternehmen 
 jeder unternehmen finden genügend qualifiziert auszubildender tendenz steigend hilfe digital medium gut ausbildungsmarketing bewirken kostengünstig effektiv sofort umsetzbar möglichkeit jung mensch aufmerksam erfahren instrument 
 branche unternehmensgröße sinnvoll gut bewerber generation z gewinnen 

 lernziel 
 chance geeignet auszubildender finden 
 bedürfnis generation z erwartung jung mensch 
 zielgruppendefinition rolle eltern erweitert zielgruppe 
 & sprechen zielgruppe 
 social media marketing videomarketing stellenanzeig modern gestalten karriereseite attraktiv gestalten 
 engagieren netzwerk effektiv umsetzungsmöglichkeit 
 bewerbungsmöglichkeit analyse auswahltechnik effektiv interviewmethode acs 

 inhalt 
 chance geeignet auszubildender finden zahl datum fakt 
 bedürfnis generation z erwarten jung mensch ausbildung 
 zielgruppendefinition ansprechen 
 rolle eltern erweitert zielgruppe 
 sprechen zielgruppe 
 sprechen zielgruppe informieren unternehmen 
 social media marketing einsetzen 
 videomarketing 
 stellenanzeig modern gestalten 
 karriereseite attraktiv gestalten 
 engagieren netzwerk effektiv umsetzungsmöglichkeit 
 bewerbungsmöglichkeit analyse 
 auswahltechnik effektiv interviewmethode acs     "
83,"betrieblicher datenschutzbeauftragter ihk live-online zertifikatslehrgang qualifizieren künftig datenschutzbeauftragte datenschutz bundesdatenschutzgesetz bsdsg eu datenschutz-grundverordnung eu-dsgvo unternehmen professionell gestalten erfolgreich lehrgangsteilnehmer jeweilig unternehmen relevant datenschutzfrag frage it-sicherheit erkennen lösung herbeiführen 

 lehrgangsteilnehmer verfügen weiterbildung notwendig rechtlich technisch organisatorisch kenntnis fachkunde datenschutzbeauftragter bsdsg eu-dsgvo 
 anforderung datenschutz eigenverantwortlich wirksam umsetzen 
 datenschutzbeauftragter arbeitsfähig 
 ergebnis fallstudie anwendung betrieblich praxis übertragen 

 kurs live online trainer teilnehmer verbinden klassisch seminar ort trainer thema gemeinsam 
 hören sehen trainer präsentation rückfrage per mikrofon chatsystem stellen 
 falls termin verpassen problem termin zusätzlich aufzeichnung verfügung stellen 

 lehrgangsinhalt 
 1 grundlage datenschutz ca. 9 ustd 
 datum personenbezogen datum 
 schutzrecht 
 betrieblich datenschutzbeauftragter 
 datenschutz datensicherheit 
 aufsichtsbehörde 

 2 datenschutzrecht ca. 14 ustd 
 rechtssituation kernaufgabe 
 rechtslage betroffen 
 folge datenschutzverstöß 
 verarbeitungsverzeichnis 
 datenschutz-folgenabschätzung 

 3 organisation datenschutz datensicherheit ca. 14 ustd 
 datenschutz-begehung 
 erstellung datenschutzkonzept 
 verarbeitungserfassung 
 datenschutz-folgenabschätzung 
 datenschutzrichtlinie konzept 
 zusammenarbeit aufsichtsbehörde 

 4 it-sicherheit technisch-organisatorisch datenschutz ca. 14 ustd 
 schnittstell datenschutzbeauftragtem it 
 it-basiskomponente 
 intern extern dienst 
 authentifizierungsverfahren verschlüsselungsprinzipi 
 cloud computing 
 arbeitsform 
 datenschutzmanagement-system dsms 

 5 praxishinweis start datenschutzbeauftragter ca. 4 ustd 
 technisch voraussetzung 
 pc apple mac tablet 7 zoll 
 microsoft windows 7 hoch mac os 10.8 mountain lion hoch android 4.0x hoch   ios 7.0 hoch 
 headset empfehlen lautsprecher + mikrofon 
 internetzugang mind. 0,6 mbps download 0,2 mbps upload 
 geschwindigkeitstest speedtest.t-online.de     "
84,"betriebliches rechnungswesen ihk grundgedanke lehrgang umfassend wissensvermittlung bereich buchführung teilnehmer methodik rechtlich rahmenbedingung rechnungswesen vertraut lehrgang wenden kaufmännisch mitarbeiter wiedereinsteiger selbständig tätig jungunternehmer existenzgründer 
 seminar besitzen kompakt überblick wesentlich grundbegriff methode rechnungswesen wichtig instrument vertraut vermittelt wissen unternehmen bereich geschäftsablauf anwenden lage qualifizieren mitreden souverän betriebswirtschaftlich begriff steuerungskennzahl rechnungswesen 

 lerninhalt 
 1. modul buchführung 
 aufgabe system doppelt buchführung 
 erfolgsermittlung einkauf verkauf bestandsveränderung 
 system umsatzsteuer geschäftsfall privat bereich 
 organisation buchführung 
 bezug vertriebskosten kaufpreisminderung 
 darlehen wechselbuchunger 
 personalbuchhaltung 

 2. modul kosten leistungsrechnung 
 aufgabe grundlage kosten leistungsrechnung 
 kostenartenrechnung 
 kostenstellenrechnung 
 kostenträgerrechung 
 deckungsbeitragsrechnung teilkostenrechnung 
 pc-anwendung 

 3. modul jahresabschluss unternehmung betrieblich steuer 
 ansatz bewertung bilanzposition jahresabschluss 
 unternehmensbezogen steuerart 
 jahresabschluss aufbereitung analyse 
 kostenplanung kostenanalyse investitionsrechnung      "
85,"buchführung einsteigerdas 1 x 1 buchführung einsteiger 
 lernen wichtig begriff kaufmännisch buchführung kennen bilanz gewinn verlustrechnung periodisch erfolgsrechnung seminar lage system doppelt buchführung arbeiten wissen pflicht kleinunternehmer bzw. finanzamt 

 lernziel 
 bedeutung aufgabe buchführung 
 rechtsgrundlag handel steuerrecht 
 systematik doppelt buchführung konto 
 buchführungspflicht aufzeichnungspflicht 
 aktiv-/passivkonto 
 buche bestandskonte erfolgskont 
 gewinn verlustrechnung bestandsveränderung unfertig fertig erzeugnis 
 verbuchung steuer abschreibung sachanlag 
 bwa     "
86,"buchführung einsteigerdas 1 x 1 buchführung einsteiger 
 lernen wichtig begriff kaufmännisch buchführung kennen bilanz gewinn verlustrechnung periodisch erfolgsrechnung seminar lage system doppelt buchführung arbeiten wissen pflicht kleinunternehmer bzw. finanzamt 

 lernziel 
 bedeutung aufgabe buchführung 
 rechtsgrundlag handel steuerrecht 
 systematik doppelt buchführung konto 
 buchführungspflicht aufzeichnungspflicht 
 aktiv-/passivkonto 
 buche bestandskonte erfolgskont 
 gewinn verlustrechnung bestandsveränderung unfertig fertig erzeugnis 
 verbuchung steuer abschreibung sachanlag 
 bwa     "
87,"business coach ihk bequem beruf 
 orientiert hoch qualitätskriteri ihk stiftung warentest erstrecken ausbildung 24 seminartag 12 wochenende gleichmäßig 1 verteilen inhalt optimal teilnehmer nachbereiten durchlaufen abgeschlossen themenblock pro monat block bestehen 2 aufeinanderfolgend seminartag samstag sonntag veranstalten konzentration 1 wochenende pro monat ermöglichen ausbildung bequem beruf absolvieren 

 flexibel modular aufbau 
 coaching ausbildung 12 abgeschlossen modul bestehen einjährig ausbildungszeit verpasst modul bequem zykl nachholen 

 lernziel 
 persönlichkeitsentwicklung 
 nlp grundlage nlp technik meta-modell reframing 
 menschenkenntnis 
 kommunikation & konfliktmanagement 
 gewaltfrei kommunikation gfk 
 nlp glaubenssatzarbeit verhaltensänderung 
 changemanagement the key system 
 führungskräftetraining & führungskultur 
 zeitmanagement seminargestaltung & rhetorik 
     "
88,"büromanagement & selbstorganisationfühlen aufgabe wachsen angst groß werdend stapel erledigung generell chaos schreibtisch überblick verlieren vergessen können 
 besuchen seminar geregelt struktur leiten geordnet arbeitsumfeld arbeit erleichtern suchen verbringen lassen termindruck dokumentenchao unterkriegen ordnung herrschen zeitlich strukturiert managen alltag ruhig ablaufen 
 inhalt 
 struktur büroalltag schaffen 
 informationsmanagement 
 terminplanung wertschätzend umgang 
 aufgabe selbstmanagement 
 dokumentenmanagement 
 zeitgemäßes ablage archivierungssystem 
 arbeitsplatzgestaltung schreibtischorganisation 
 beispiel täglich praxis     "
89,"büromanagement & selbstorganisationfühlen aufgabe wachsen angst groß werdend stapel erledigung generell chaos schreibtisch überblick verlieren vergessen können 
 besuchen seminar geregelt struktur leiten geordnet arbeitsumfeld arbeit erleichtern suchen verbringen lassen termindruck dokumentenchao unterkriegen ordnung herrschen zeitlich strukturiert managen alltag ruhig ablaufen 

 inhalt 
 struktur büroalltag schaffen 
 informationsmanagement 
 terminplanung wertschätzend umgang 
 aufgabe selbstmanagement 
 dokumentenmanagement 
 zeitgemäßes ablage archivierungssystem 
 arbeitsplatzgestaltung schreibtischorganisation 
 beispiel täglich praxis     "
90,"controlling einsteigerdas 1 x 1 controlling einsteiger 
 lernen wichtig begriff betrieblich controlling kennen controllingtools geschäftsjahr hilfe kennzahl analysieren controlling geld & sparen seminar lage controlling praxis anwenden ausbauen 

 lernziel 
 verstehen controlling 
 teilgebiet praxis 
 controlling betrieb aufbauen 
 hilfe controlling erkennen 
 typisch operativ controllingtools anwendungsbeilspielen     "
91,"controlling einsteigerdas 1 x 1 controlling einsteiger 
 lernen wichtig begriff betrieblich controlling kennen controllingtools geschäftsjahr hilfe kennzahl analysieren controlling geld & sparen seminar lage contorlling praxis anwenden ausbauen 
 lernziel 
 verstehen controlling 
 teilgebiet praxis 
 controlling betrieb aufbauen 
 hilfe controlling erkennen 
 typisch operativ controllingtools anwendungsbeilspielen     "
92,"aktuell reisekostenrecht wissensupdateda reisekostenrecht ermittlung reisekosten vereinfachen rechtssicherheit praxis führen unser seminar geben arbeitgeber zukünftig ändern fallstricke beachten gestaltungsmöglichkeit ergeben 

 inhalt 
 ermittlung reisekoster 
 rechtssicherheit praxis 
 verändern ändern 
 fallsticke beachten 
 gestaltungsmöglichkeit ergeben 

 nutzen 
 seminar erhalten information grundlage reisekostenrecht neuerung gesetzgebungsverfahren wichtig änderung rechtsprechung ergeben 
 möglichkeit kommend vormerken lassen buchen einfach seminar vorab anfrage informieren sobald termin kommend planen     "
93,"aktuell reisekostenrecht wissensupdateda reisekostenrecht ermittlung reisekosten vereinfachen rechtssicherheit praxis führen unser seminar geben arbeitgeber zukünftig ändern fallstricke beachten gestaltungsmöglichkeit ergeben 

 inhalt 
 ermittlung reisekoster 
 rechtssicherheit praxis 
 verändern ändern 
 fallsticke beachten 
 gestaltungsmöglichkeit ergeben 

 nutzen 
 seminar erhalten information grundlage reisekostenrecht neuerung gesetzgebungsverfahren wichtig änderung rechtsprechung ergeben 
 möglichkeit kommend vormerken lassen buchen einfach seminar vorab anfrage informieren sobald termin kommend planen     "
94,"optimal bewerbung auswahlprozessdie anforderung gut bewerbungsprozess zug fachkräftemangel digitalisierung stark verändern bewerber erwarten einfach schnell möglichkeit einreichung bewerbung gleichzeitig arbeitgeber schnell reagieren entscheiden kandidat arbeitsplatz woanders annehmen 

 kandidat optimal bewerbererlebni bieten nase vorn gewinnen richtig mitarbeiter 

 bestimmen aufwand betreiben kandidat kennenlernen treffsich entscheidung fällen einstellung ungeeignet person führen schnell hoch kosten frust entgehend umsatz fragetechnike gezielt einsatz auswahlinstrument ermöglichen wirklich kennenlernen kandidat erhöhen erheblich wahrscheinlichkeit richtig mitarbeiter auswählen 

 seminar wissen methode helfen frei stelle unternehmen passend besetzen 

 bewerbungsprozess unternehmen effizient gestalten 
 schnelligkeit prozess bewerber verlieren 
 digital element nutzen bewerbungsprozes schnell zielgerichtet erfolgreich 
 auswahlinstrument stelle eignen 
 auswahlverfahren gestalten richtig entscheidung treffen 
     "
95,"optimal bewerbung auswahlprozessdie anforderung gut bewerbungsprozess zug fachkräftemangel digitalisierung stark verändern bewerber erwarten einfach schnell möglichkeit einreichung bewerbung gleichzeitig arbeitgeber schnell reagieren entscheiden kandidat arbeitsplatz woanders annehmen 

 kandidat optimal bewerbererlebni bieten nase vorn gewinnen richtig mitarbeiter 

 bestimmen aufwand betreiben kandidat kennenlernen treffsich entscheidung fällen einstellung ungeeignet person führen schnell hoch kosten frust entgehend umsatz fragetechnike gezielt einsatz auswahlinstrument ermöglichen wirklich kennenlernen kandidat erhöhen erheblich wahrscheinlichkeit richtig mitarbeiter auswählen 

 seminar wissen methode helfen frei stelle unternehmen passend besetzen 

 bewerbungsprozess unternehmen effizient gestalten 
 schnelligkeit prozess bewerber verlieren 
 digital element nutzen bewerbungsprozes schnell zielgerichtet erfolgreich 
 auswahlinstrument stelle eignen 
 auswahlverfahren gestalten richtig entscheidung treffen 
     "
96,"zollprüfer vorbereiten erhalten kompakt überblick kontrolle warenein ausfuhren zoll möglich vereinfachung erleichterung umfassend besprechen sachverhalt ablauf zollprüfunge pflicht bfa berichtsfirma firmenintern vorbereitung zollprüfunge einzuhaltend bestimmung fehlerquell exportkontrolle zollanmeldung tarifierung vorlage präferenznachweis einhaltung verpflichtung erteilt bewilligung eingehen somit wichtig schwerpunkt gegenstand außenprüfung 

 kontrolle zoll überblick verfahren 
 prüfung zollverwaltung rechtsgrundlag procedere 
 art außenprüfung sachverhalt fehlerpotentiale präventiv maßnahme unternehmen 
 anwendung digital betriebsprüfung 
 management außenprüfunge unternehmen vorbereitung ablauf beendigung auswertung prüfung 
 zugelassene wirtschaftsbeteiligter erleichterung unternehmen zollkontrolle zollprüfung 
     "
97,"zollprüfer vorbereiten erhalten kompakt überblick kontrolle warenein ausfuhren zoll möglich vereinfachung erleichterung umfassend besprechen sachverhalt ablauf zollprüfunge pflicht bfa berichtsfirma firmenintern vorbereitung zollprüfunge einzuhaltend bestimmung fehlerquell exportkontrolle zollanmeldung tarifierung vorlage präferenznachweis einhaltung verpflichtung erteilt bewilligung eingehen somit wichtig schwerpunkt gegenstand außenprüfung 

 kontrolle zoll überblick verfahren 
 prüfung zollverwaltung rechtsgrundlag procedere 
 art außenprüfung sachverhalt fehlerpotentiale präventiv maßnahme unternehmen 
 anwendung digital betriebsprüfung 
 management außenprüfunge unternehmen vorbereitung ablauf beendigung auswertung prüfung 
 zugelassene wirtschaftsbeteiligter erleichterung unternehmen zollkontrolle zollprüfung 
     "
98,"persönlich nachfolgestrategie optimal planung unternehmerdie unternehmensnachfolge vielschichtig prozess gründlich vorbereitung bedürfen langfristige planung rechtzeitig auseinandersetzung wesentlich faktor erfolgreich unternehmensnachfolge person nachfolger basis erfolgreich nachfolgeprozess 

 leitfrage workshop 
 gestalten unternehmensübergabe unternehmen 
 zeitplan verfolgen 
 übergabe planen 
 stellen unternehmen außen dar 
 aspekt wichtig 
 weg unternehmen vermarkten 
 finden richtig nachfolger 
 erwartung wunsch 
 potenziell käufer erwarten 
 kriterium suche potenziell nachfolger beachten 

 thema workshop 
 phase übergabeprozeß individuell planung nächster schritt 
 möglichkeit risiko unternehmensübergabe 
 position unternehmensübergabe 
 reflexion erwartung 
 unternehmensverkauf nachfolger kunde 
 marketingoption unternehmensnachfolge richtig nachfolger finden 
 ausarbeitung darstellung geschäftsmodell 
 kommunikation nachfolgeprozess     "
99,"persönlich nachfolgestrategie optimal planung unternehmerdie unternehmensnachfolge vielschichtig prozess gründlich vorbereitung bedürfen langfristige planung rechtzeitig auseinandersetzung wesentlich faktor erfolgreich unternehmensnachfolge person nachfolger basis erfolgreich nachfolgeprozess 

 leitfrage workshop 
 gestalten unternehmensübergabe unternehmen 
 zeitplan verfolgen 
 übergabe planen 
 stellen unternehmen   außen dar 
 aspekt   wichtig 
 weg unternehmen vermarkten 
 finden richtig nachfolger 
 erwartung wunsch 
 potenziell käufer erwarten 
 kriterium suche potenziell nachfolger beachten 

 thema workshop 
 phase übergabeprozeß individuell planung nächster schritt 
 möglichkeit risiko unternehmensübergabe 
 position unternehmensübergabe 
 reflexion erwartung 
 unternehmensverkauf nachfolger kunde 
 marketingoption unternehmensnachfolge richtig nachfolger finden 
 ausarbeitung darstellung geschäftsmodell 
 kommunikation nachfolgeprozess     "
